date,campaign,campaign_type,spend,impressions,clicks,applications,approved_applications,opened_accounts,target_cpa,CTR,CPC,Application Rate,Approval Rate,Account Opening Rate,CPA,CPA vs Target,Performance Status,calculated_ctr,calculated_cpc,calculated_application_rate,calculated_approval_rate,calculated_account_opening_rate,calculated_cpa,calculated_cpa_vs_target,calculated_performance_status,calculated_recommendation
2026-09-01,Branding,Search,45000,120000,9000,450,360,300,180,"7,50%","$5,00","5,00%","80,00%","83,33%","$150,00","-16,67%",Cumple,0.075,5.0,0.05,0.8,0.8333333333333334,150.0,0.8333333333333334,Cumple,Mantener y evaluar un incremento gradual de presupuesto.
2026-09-01,No Brandeada,Search,160000,1200000,36000,720,480,360,400,"3,00%","$4,44","2,00%","66,67%","75,00%","$444,44","11,11%",Monitorear,0.03,4.444444444444445,0.02,0.6666666666666666,0.75,444.44444444444446,1.1111111111111112,Monitorear,"Revisar CPC, pujas, términos de búsqueda y distribución de presupuesto."
2026-09-01,No Brandeada High intent,Search,120000,600000,24000,720,468,374,350,"4,00%","$5,00","3,00%","65,00%","79,91%","$320,86","-8,33%",Cumple,0.04,5.0,0.03,0.65,0.7991452991452992,320.85561497326205,0.9167303284950344,Cumple,Mantener y evaluar un incremento gradual de presupuesto.
2026-09-01,Competidores,Search,90000,550000,13750,220,100,55,700,"2,50%","$6,55","1,60%","45,45%","55,00%","$1.636,36","133,77%",Requiere atención,0.025,6.545454545454546,0.016,0.45454545454545453,0.55,1636.3636363636363,2.3376623376623376,Requiere atención,"Revisar calidad del tráfico, audiencias y términos de búsqueda."
2026-09-01,PMax Adquisición,Performance Max,180000,2000000,50000,900,540,405,420,"2,50%","$3,60","1,80%","60,00%","75,00%","$444,44","5,82%",Monitorear,0.025,3.6,0.018,0.6,0.75,444.44444444444446,1.0582010582010581,Monitorear,"Revisar CPC, pujas, términos de búsqueda y distribución de presupuesto."
2026-09-01,PMax Remarketing,Performance Max,70000,500000,22500,675,473,402,250,"4,50%","$3,11","3,00%","70,07%","84,99%","$174,13","-30,35%",Cumple,0.045,3.111111111111111,0.03,0.7007407407407408,0.8498942917547568,174.12935323383084,0.6965174129353233,Cumple,Mantener y evaluar un incremento gradual de presupuesto.
2026-09-01,Demand Gen Prospecto,Demand Gen,110000,3000000,27000,270,108,54,800,"0,90%","$4,07","1,00%","40,00%","50,00%","$2.037,04","154,63%",Requiere atención,0.009,4.074074074074074,0.01,0.4,0.5,2037.037037037037,2.5462962962962963,Requiere atención,"Revisar intención del tráfico, landing page y formulario."
2026-09-01,Demand Gen Remarketing,Demand Gen,60000,800000,20000,400,240,168,400,"2,50%","$3,00","2,00%","60,00%","70,00%","$357,14","-10,71%",Cumple,0.025,3.0,0.02,0.6,0.7,357.14285714285717,0.8928571428571429,Cumple,Mantener y evaluar un incremento gradual de presupuesto.
2026-09-01,Display Remarketing,Display,40000,2000000,12000,144,72,43,600,"0,60%","$3,33","1,20%","50,00%","59,72%","$930,23","55,04%",Requiere atención,0.006,3.3333333333333335,0.012,0.5,0.5972222222222222,930.2325581395348,1.5503875968992247,Requiere atención,"Revisar intención del tráfico, landing page y formulario."
2026-09-01,YouTube Awareness,Video,100000,5000000,25000,125,38,19,1500,"0,50%","$4,00","0,50%","30,40%","50,00%","$5.263,16","250,88%",Requiere atención,0.005,4.0,0.005,0.304,0.5,5263.1578947368425,3.5087719298245617,Requiere atención,"Revisar intención del tráfico, landing page y formulario."
