date,campaign,campaign_type,spend,impressions,clicks,applications,approved_applications,opened_accounts,target_cpa,CTR,CPC,Application Rate,Approval Rate,Account Opening Rate,CPA,CPA vs Target,Performance Status
2026-09-01,Branding,Search,45000,120000,9000,450,360,300,180,"7,50%","$5,00","5,00%","80,00%","83,33%","$150,00","-16,67%",Cumple
2026-09-01,No Brandeada,Search,160000,1200000,36000,720,480,360,400,"3,00%","$4,44","2,00%","66,67%","75,00%","$444,44","11,11%",Monitorear
2026-09-01,No Brandeada High intent,Search,120000,600000,24000,720,468,374,350,"4,00%","$5,00","3,00%","65,00%","79,91%","$320,86","-8,33%",Cumple
2026-09-01,Competidores,Search,90000,550000,13750,220,100,55,700,"2,50%","$6,55","1,60%","45,45%","55,00%","$1.636,36","133,77%",Requiere atención
2026-09-01,PMax Adquisición,Performance Max,180000,2000000,50000,900,540,405,420,"2,50%","$3,60","1,80%","60,00%","75,00%","$444,44","5,82%",Monitorear
2026-09-01,PMax Remarketing,Performance Max,70000,500000,22500,675,473,402,250,"4,50%","$3,11","3,00%","70,07%","84,99%","$174,13","-30,35%",Cumple
2026-09-01,Demand Gen Prospecto,Demand Gen,110000,3000000,27000,270,108,54,800,"0,90%","$4,07","1,00%","40,00%","50,00%","$2.037,04","154,63%",Requiere atención
2026-09-01,Demand Gen Remarketing,Demand Gen,60000,800000,20000,400,240,168,400,"2,50%","$3,00","2,00%","60,00%","70,00%","$357,14","-10,71%",Cumple
2026-09-01,Display Remarketing,Display,40000,2000000,12000,144,72,43,600,"0,60%","$3,33","1,20%","50,00%","59,72%","$930,23","55,04%",Requiere atención
2026-09-01,YouTube Awareness,Video,100000,5000000,25000,125,38,19,1500,"0,50%","$4,00","0,50%","30,40%","50,00%","$5.263,16","250,88%",Requiere atención